INSERT COMPANY (uuid, create_date, update_date, is_active, class, id, c_name, e_name, voucher_point_uuid, week_shift, ou_sync_type, name_zh_cn, concurrent_user, expired_date, sales_attendant_uuid) VALUES (N'14043017113800001', NOW(), NOW(), N'Y', N'CLASS', N'Limew', N'Limew', N'Limew', NULL, 0, N'N', N'Limew', NULL, NULL, NULL);

INSERT APPLICATION_HEAD (uuid, create_date, update_date, is_active, name, description, id, create_user, update_user, web_site) VALUES (N'14043017114000001', NOW(), NOW(), N'Y', N'Limew', N'Limew', N'14043017114000001', N'14043017113900001', N'14043017113900001', NULL);

INSERT APPPAGE (uuid, is_active, create_date, create_user, update_date, update_user, id, name, description, url, parameter_class, application_head_uuid, p_mode) VALUES (N'15012622373700043', N'Y', NOW(), N'14043017113900001', NOW(), N'14043017113900001', N'company', N'公司維護', N'公司維護', N'~/admin/basic/company.aspx', N'', N'14043017114000001', N'');
INSERT APPPAGE (uuid, is_active, create_date, create_user, update_date, update_user, id, name, description, url, parameter_class, application_head_uuid, p_mode) VALUES (N'15012622373700045', N'Y', NOW(), N'14043017113900001', NOW(), N'14043017113900001', N'dept', N'部門維護', N'部門維護', N'~/admin/basic/dept.aspx', N'', N'14043017114000001', N'');
INSERT APPPAGE (uuid, is_active, create_date, create_user, update_date, update_user, id, name, description, url, parameter_class, application_head_uuid, p_mode) VALUES (N'15012622373700047', N'Y', NOW(), N'14043017113900001', NOW(), N'14043017113900001', N'attendant', N'人員維護', N'人員維護', N'~/admin/basic/attendant.aspx', N'', N'14043017114000001', N'');
INSERT APPPAGE (uuid, is_active, create_date, create_user, update_date, update_user, id, name, description, url, parameter_class, application_head_uuid, p_mode) VALUES (N'15012622373700049', N'Y', NOW(), N'14043017113900001', NOW(), N'14043017113900001', N'system', N'系統', N'系統', N'~/admin/system/system.aspx', N'', N'14043017114000001', N'');
INSERT APPPAGE (uuid, is_active, create_date, create_user, update_date, update_user, id, name, description, url, parameter_class, application_head_uuid, p_mode) VALUES (N'15012622373700051', N'Y', NOW(), N'14043017113900001', NOW(), N'14043017113900001', N'function', N'功能', N'功能', N'~/admin/system/function.aspx', N'', N'14043017114000001', N'');
INSERT APPPAGE (uuid, is_active, create_date, create_user, update_date, update_user, id, name, description, url, parameter_class, application_head_uuid, p_mode) VALUES (N'15012622373700053', N'Y', NOW(), N'14043017113900001', NOW(), N'14043017113900001', N'sitemap', N'Site Map', N'Site Map', N'~/admin/system/sitemap.aspx', N'', N'14043017114000001', N'');
INSERT APPPAGE (uuid, is_active, create_date, create_user, update_date, update_user, id, name, description, url, parameter_class, application_head_uuid, p_mode) VALUES (N'15012622373700055', N'Y', NOW(), N'14043017113900001', NOW(), N'14043017113900001', N'menu', N'選單', N'選單', N'~/admin/system/menu.aspx', N'', N'14043017114000001', N'');
INSERT APPPAGE (uuid, is_active, create_date, create_user, update_date, update_user, id, name, description, url, parameter_class, application_head_uuid, p_mode) VALUES (N'15012622373700057', N'Y', NOW(), N'14043017113900001', NOW(), N'14043017113900001', N'authority', N'權限維護', N'權限維護', N'~/admin/authority/authority/grouphead_query.aspx', N'', N'14043017114000001', N'');


INSERT ATTENDANT (uuid, create_date, update_date, is_active, company_uuid, account, c_name, e_name, email, password, is_supper, is_admin, code_page, department_uuid, phone, site_uuid, gender, birthday, hire_date, quit_date, is_manager, is_direct, grade, id, src_uuid, is_default_pass) VALUES (N'14043017113900001', NOW(), NOW(), N'Y', N'14043017113800001', N'ac', N'管理者', N'Admin', N'canred.chen@gmail.com', N'ac', N'N', N'Y', N'TW', NULL, NULL, NULL, N'M', NULL, NULL, NULL, N'N', N'N', NULL, N'ac', NULL, N'Y');


INSERT GROUP_HEAD (uuid, create_date, update_date, is_active, name_zh_tw, name_zh_cn, name_en_us, company_uuid, id, create_user, update_user, application_head_uuid) VALUES (N'15012622373700059', NOW(), NOW(), N'Y', N'管理者', N'管理者', N'admin', N'14043017113800001', N'admin', N'14043017113900001', NULL, N'14043017114000001');




INSERT GROUP_ATTENDANT (uuid, is_active, create_date, create_user, update_date, update_user, group_head_uuid, attendant_uuid) VALUES (N'15012622373700061', N'Y', NOW(), N'14043017113900001', NOW(), N'14043017113900001', N'15012622373700059', N'14043017113900001');

INSERT APPPAGE (uuid, is_active, create_date, create_user, update_date, update_user, id, name, description, url, parameter_class, application_head_uuid, p_mode) VALUES (N'15012622373700065', N'Y', NOW(), N'14043017113900001', NOW(), N'14043017113900001', N'gwp_query', N'全球暖化潛勢(GWP)值維護', N'全球暖化潛勢(GWP)值維護', N'~/gwp/gwp_query.aspx', N'', N'14043017114000001', N'');
INSERT APPMENU (uuid, is_active, create_date, create_user, update_date, update_user, name_zh_tw, name_zh_cn, name_en_us, id, appmenu_uuid, haschild, application_head_uuid, ord, parameter_class, image, sitemap_uuid, action_mode, is_default_page, is_admin) VALUES (N'15012622373700063', N'Y', NOW(), N'14043017113900001', NOW(), N'14043017113900001', N'系統', N'系統', N'system', N'system', N'15012622373700063', N'Y', N'14043017114000001', 0, NULL, NULL, NULL, NULL, N'N', N'Y');


INSERT SITEMAP (uuid, is_active, create_date, create_user, update_date, update_user, sitemap_uuid, apppage_uuid, root_uuid, haschild, application_head_uuid) VALUES (N'15012622373700067', N'Y', NOW(), N'14043017113900001', NULL, N'14043017113900001', NULL, N'15012622373700065', N'15012622373700067', N'Y', N'14043017114000001');




INSERT SITEMAP (uuid, is_active, create_date, create_user, update_date, update_user, sitemap_uuid, apppage_uuid, root_uuid, haschild, application_head_uuid) VALUES (N'15012622373700069', N'Y', NOW(), N'14043017113900001', NOW(), N'14043017113900001', N'15012622373700067', N'15012622373700065', N'15012622373700067', N'Y', N'14043017114000001');


INSERT SITEMAP (uuid, is_active, create_date, create_user, update_date, update_user, sitemap_uuid, apppage_uuid, root_uuid, haschild, application_head_uuid) VALUES (N'15012622373700071', N'Y', NOW(), N'14043017113900001', NOW(), N'14043017113900001', N'15012622373700067', N'15012622373700043', N'15012622373700067', N'Y', N'14043017114000001');
INSERT SITEMAP (uuid, is_active, create_date, create_user, update_date, update_user, sitemap_uuid, apppage_uuid, root_uuid, haschild, application_head_uuid) VALUES (N'15012622373700073', N'Y', NOW(), N'14043017113900001', NOW(), N'14043017113900001', N'15012622373700067', N'15012622373700045', N'15012622373700067', N'Y', N'14043017114000001');
INSERT SITEMAP (uuid, is_active, create_date, create_user, update_date, update_user, sitemap_uuid, apppage_uuid, root_uuid, haschild, application_head_uuid) VALUES (N'15012622373700075', N'Y', NOW(), N'14043017113900001', NOW(), N'14043017113900001', N'15012622373700067', N'15012622373700047', N'15012622373700067', N'Y', N'14043017114000001');
INSERT SITEMAP (uuid, is_active, create_date, create_user, update_date, update_user, sitemap_uuid, apppage_uuid, root_uuid, haschild, application_head_uuid) VALUES (N'15012622373700077', N'Y', NOW(), N'14043017113900001', NOW(), N'14043017113900001', N'15012622373700067', N'15012622373700049', N'15012622373700067', N'Y', N'14043017114000001');
INSERT SITEMAP (uuid, is_active, create_date, create_user, update_date, update_user, sitemap_uuid, apppage_uuid, root_uuid, haschild, application_head_uuid) VALUES (N'15012622373700079', N'Y', NOW(), N'14043017113900001', NOW(), N'14043017113900001', N'15012622373700067', N'15012622373700051', N'15012622373700067', N'Y', N'14043017114000001');
INSERT SITEMAP (uuid, is_active, create_date, create_user, update_date, update_user, sitemap_uuid, apppage_uuid, root_uuid, haschild, application_head_uuid) VALUES (N'15012622373700081', N'Y', NOW(), N'14043017113900001', NOW(), N'14043017113900001', N'15012622373700067', N'15012622373700053', N'15012622373700067', N'Y', N'14043017114000001');
INSERT SITEMAP (uuid, is_active, create_date, create_user, update_date, update_user, sitemap_uuid, apppage_uuid, root_uuid, haschild, application_head_uuid) VALUES (N'15012622373700083', N'Y', NOW(), N'14043017113900001', NOW(), N'14043017113900001', N'15012622373700067', N'15012622373700055', N'15012622373700067', N'Y', N'14043017114000001');
INSERT SITEMAP (uuid, is_active, create_date, create_user, update_date, update_user, sitemap_uuid, apppage_uuid, root_uuid, haschild, application_head_uuid) VALUES (N'15012622373700085', N'Y', NOW(), N'14043017113900001', NOW(), N'14043017113900001', N'15012622373700067', N'15012622373700057', N'15012622373700067', N'Y', N'14043017114000001');

INSERT APPMENU (uuid, is_active, create_date, create_user, update_date, update_user, name_zh_tw, name_zh_cn, name_en_us, id, appmenu_uuid, haschild, application_head_uuid, ord, parameter_class, image, sitemap_uuid, action_mode, is_default_page, is_admin) VALUES (N'15012622373700087', N'Y', NOW(), N'14043017113900001', NOW(), N'14043017113900001', N'ROOT', N'ROOT', N'ROOT', N'15012622373700087', NULL, N'Y', N'14043017114000001', 1, NULL, NULL, N'15012622373700067', NULL, N'N', N'N');


INSERT APPMENU (uuid, is_active, create_date, create_user, update_date, update_user, name_zh_tw, name_zh_cn, name_en_us, id, appmenu_uuid, haschild, application_head_uuid, ord, parameter_class, image, sitemap_uuid, action_mode, is_default_page, is_admin) VALUES (N'15012622373700089', N'Y', NOW(), N'14043017113900001', NOW(), N'14043017113900001', N'管理者', N'管理者', N'admin', N'admin', N'15012622373700087', N'Y', N'14043017114000001', 6, NULL, '~/css/images/setting.png', NULL, NULL, N'N', N'Y');
INSERT APPMENU (uuid, is_active, create_date, create_user, update_date, update_user, name_zh_tw, name_zh_cn, name_en_us, id, appmenu_uuid, haschild, application_head_uuid, ord, parameter_class, image, sitemap_uuid, action_mode, is_default_page, is_admin) VALUES (N'15012622373700091', N'Y', NOW(), N'14043017113900001', NOW(), N'14043017113900001', N'基本資料維護', N'基本資料維護', N'basic', N'basic', N'15012622373700089', N'Y', N'14043017114000001', 0, NULL, '~/css/images/basic.png', NULL, NULL, N'N', N'Y');
INSERT APPMENU (uuid, is_active, create_date, create_user, update_date, update_user, name_zh_tw, name_zh_cn, name_en_us, id, appmenu_uuid, haschild, application_head_uuid, ord, parameter_class, image, sitemap_uuid, action_mode, is_default_page, is_admin) VALUES (N'15012622373700093', N'Y', NOW(), N'14043017113900001', NOW(), N'14043017113900001', N'系統設定', N'系統設定', N'systemSetting', N'systemSetting', N'15012622373700089', N'Y', N'14043017114000001', 1, NULL, '~/css/images/setting.png', NULL, NULL, N'N', N'Y');
INSERT APPMENU (uuid, is_active, create_date, create_user, update_date, update_user, name_zh_tw, name_zh_cn, name_en_us, id, appmenu_uuid, haschild, application_head_uuid, ord, parameter_class, image, sitemap_uuid, action_mode, is_default_page, is_admin) VALUES (N'15012622373700095', N'Y', NOW(), N'14043017113900001', NOW(), N'14043017113900001', N'權限', N'權限', N'authority', N'authority', N'15012622373700089', N'N', N'14043017114000001', 2, NULL, '~/css/images/permission.png', N'15012622373700085', NULL, N'N', N'Y');
INSERT APPMENU (uuid, is_active, create_date, create_user, update_date, update_user, name_zh_tw, name_zh_cn, name_en_us, id, appmenu_uuid, haschild, application_head_uuid, ord, parameter_class, image, sitemap_uuid, action_mode, is_default_page, is_admin) VALUES (N'15012622373700097', N'Y', NOW(), N'14043017113900001', NOW(), N'14043017113900001', N'公司維護', N'公司維護', N'company', N'company', N'15012622373700091', N'N', N'14043017114000001', 0, NULL, '~/css/images/company.png', N'15012622373700071', NULL, N'N', N'Y');






INSERT APPMENU (uuid, is_active, create_date, create_user, update_date, update_user, name_zh_tw, name_zh_cn, name_en_us, id, appmenu_uuid, haschild, application_head_uuid, ord, parameter_class, image, sitemap_uuid, action_mode, is_default_page, is_admin) VALUES (N'15012622373700099', N'Y', NOW(), N'14043017113900001', NOW(), N'14043017113900001', N'部門維護', N'部門維護', N'department', N'department', N'15012622373700091', N'N', N'14043017114000001', 1, NULL, NULL, N'15012622373700073', NULL, N'N', N'Y');
INSERT APPMENU (uuid, is_active, create_date, create_user, update_date, update_user, name_zh_tw, name_zh_cn, name_en_us, id, appmenu_uuid, haschild, application_head_uuid, ord, parameter_class, image, sitemap_uuid, action_mode, is_default_page, is_admin) VALUES (N'15012622373700101', N'Y', NOW(), N'14043017113900001', NOW(), N'14043017113900001', N'人員維護', N'人員維護', N'attendant', N'attendant', N'15012622373700091', N'N', N'14043017114000001', 2, NULL, '~/css/images/man.png', N'15012622373700075', NULL, N'N', N'Y');

INSERT APPMENU (uuid, is_active, create_date, create_user, update_date, update_user, name_zh_tw, name_zh_cn, name_en_us, id, appmenu_uuid, haschild, application_head_uuid, ord, parameter_class, image, sitemap_uuid, action_mode, is_default_page, is_admin) VALUES (N'15012622373700103', N'Y', NOW(), N'14043017113900001', NOW(), N'14043017113900001', N'功能', N'功能', N'function', N'function', N'15012622373700093', N'N', N'14043017114000001', 1, NULL, '~/css/images/function_tag.png', N'15012622373700079', NULL, N'N', N'Y');
INSERT APPMENU (uuid, is_active, create_date, create_user, update_date, update_user, name_zh_tw, name_zh_cn, name_en_us, id, appmenu_uuid, haschild, application_head_uuid, ord, parameter_class, image, sitemap_uuid, action_mode, is_default_page, is_admin) VALUES (N'15012622373700105', N'Y', NOW(), N'14043017113900001', NOW(), N'14043017113900001', N'Site Map', N'Site Map', N'Site Map', N'site_map', N'15012622373700093', N'N', N'14043017114000001', 2, NULL,  '~/css/images/map.png', N'15012622373700081', NULL, N'N', N'Y');
INSERT APPMENU (uuid, is_active, create_date, create_user, update_date, update_user, name_zh_tw, name_zh_cn, name_en_us, id, appmenu_uuid, haschild, application_head_uuid, ord, parameter_class, image, sitemap_uuid, action_mode, is_default_page, is_admin) VALUES (N'15012622373700107', N'Y', NOW(), N'14043017113900001', NOW(), N'14043017113900001', N'選單', N'選單', N'menu', N'menu', N'15012622373700093', N'N', N'14043017114000001', 3, NULL, '~/css/images/menu.png', N'15012622373700083', NULL, N'N', N'Y');
INSERT APPMENU (uuid, is_active, create_date, create_user, update_date, update_user, name_zh_tw, name_zh_cn, name_en_us, id, appmenu_uuid, haschild, application_head_uuid, ord, parameter_class, image, sitemap_uuid, action_mode, is_default_page, is_admin) VALUES (N'15012622373700109', N'Y', NOW(), N'14043017113900001', NOW(), N'14043017113900001', N'系統', N'系統', N'System', N'系統', N'15012622373700093', N'Y', N'14043017114000001', 0, NULL, '~/css/images/application.png', N'15012622373700077', NULL, N'N', N'N');
INSERT APPMENU (uuid, is_active, create_date, create_user, update_date, update_user, name_zh_tw, name_zh_cn, name_en_us, id, appmenu_uuid, haschild, application_head_uuid, ord, parameter_class, image, sitemap_uuid, action_mode, is_default_page, is_admin) VALUES (N'15012622373700111', N'N', NOW(), N'14043017113900001', NOW(), N'14043017113900001', N'權限維護', N'權限維護', N'權限維護', N'Authority2', N'15012622373700093', N'Y', N'14043017114000001',4, NULL, '~/css/images/key.png', N'15012622373700085', NULL, N'N', N'N');



INSERT GROUP_APPMENU (uuid, is_active, create_date, create_user, update_date, update_user, appmenu_uuid, group_head_uuid, is_default_page) VALUES (N'15012622373700113', N'Y', NOW(), N'14043017113900001', NOW(), NULL, N'15012622373700087', N'15012622373700059', N'N');
INSERT GROUP_APPMENU (uuid, is_active, create_date, create_user, update_date, update_user, appmenu_uuid, group_head_uuid, is_default_page) VALUES (N'15012622373700115', N'Y', NOW(), N'14043017113900001', NOW(), N'14043017113900001', N'15012622373700093', N'15012622373700059', N'N');
INSERT GROUP_APPMENU (uuid, is_active, create_date, create_user, update_date, update_user, appmenu_uuid, group_head_uuid, is_default_page) VALUES (N'15012622373700117', N'Y', NOW(), N'14043017113900001', NOW(), N'14043017113900001', N'15012622373700089', N'15012622373700059', N'N');
INSERT GROUP_APPMENU (uuid, is_active, create_date, create_user, update_date, update_user, appmenu_uuid, group_head_uuid, is_default_page) VALUES (N'15012622373700119', N'Y', NOW(), N'14043017113900001', NOW(), N'14043017113900001', N'15012622373700091', N'15012622373700059', N'N');
INSERT GROUP_APPMENU (uuid, is_active, create_date, create_user, update_date, update_user, appmenu_uuid, group_head_uuid, is_default_page) VALUES (N'15012622373700121', N'Y', NOW(), N'14043017113900001', NOW(), N'14043017113900001', N'15012622373700095', N'15012622373700059', N'N');
INSERT GROUP_APPMENU (uuid, is_active, create_date, create_user, update_date, update_user, appmenu_uuid, group_head_uuid, is_default_page) VALUES (N'15012622373700123', N'Y', NOW(), N'14043017113900001', NOW(), N'14043017113900001', N'15012622373700107', N'15012622373700059', N'N');
INSERT GROUP_APPMENU (uuid, is_active, create_date, create_user, update_date, update_user, appmenu_uuid, group_head_uuid, is_default_page) VALUES (N'15012622373700125', N'Y', NOW(), N'14043017113900001', NOW(), N'14043017113900001', N'15012622373700063', N'15012622373700059', N'N');
INSERT GROUP_APPMENU (uuid, is_active, create_date, create_user, update_date, update_user, appmenu_uuid, group_head_uuid, is_default_page) VALUES (N'15012622373700127', N'Y', NOW(), N'14043017113900001', NOW(), N'14043017113900001', N'15012622373700103', N'15012622373700059', N'N');
INSERT GROUP_APPMENU (uuid, is_active, create_date, create_user, update_date, update_user, appmenu_uuid, group_head_uuid, is_default_page) VALUES (N'15012622373700129', N'Y', NOW(), N'14043017113900001', NOW(), N'14043017113900001', N'15012622373700105', N'15012622373700059', N'N');
INSERT GROUP_APPMENU (uuid, is_active, create_date, create_user, update_date, update_user, appmenu_uuid, group_head_uuid, is_default_page) VALUES (N'15012622373700131', N'Y', NOW(), N'14043017113900001', NOW(), N'14043017113900001', N'15012622373700101', N'15012622373700059', N'N');
INSERT GROUP_APPMENU (uuid, is_active, create_date, create_user, update_date, update_user, appmenu_uuid, group_head_uuid, is_default_page) VALUES (N'15012622373700133', N'Y', NOW(), N'14043017113900001', NOW(), N'14043017113900001', N'15012622373700097', N'15012622373700059', N'N');
INSERT GROUP_APPMENU (uuid, is_active, create_date, create_user, update_date, update_user, appmenu_uuid, group_head_uuid, is_default_page) VALUES (N'15012622373700135', N'Y', NOW(), N'14043017113900001', NOW(), NULL, N'15012622373700109', N'15012622373700059', N'N');
INSERT GROUP_APPMENU (uuid, is_active, create_date, create_user, update_date, update_user, appmenu_uuid, group_head_uuid, is_default_page) VALUES (N'15012622373700137', N'Y', NOW(), N'14043017113900001', NOW(), NULL, N'15012622373700111', N'15012622373700059', N'N');

INSERT Proxy (UUID, Proxy_Action, Proxy_Method, description, Proxy_Type, need_redirect, redirect_Proxy_Action, redirect_Proxy_Method, application_head_uuid, redirect_src) VALUES (N'15012622373700143', N'AdminCompanyAction', N'loadCompany', N'AdminCompanyAction.loadCompany', N'Store', N'N', NULL, NULL, N'14043017114000001', NULL);
INSERT Proxy (UUID, Proxy_Action, Proxy_Method, description, Proxy_Type, need_redirect, redirect_Proxy_Action, redirect_Proxy_Method, application_head_uuid, redirect_src) VALUES (N'15012622373700145', N'AdminCompanyAction', N'info', N'AdminCompanyAction.info', N'Load', N'N', NULL, NULL, N'14043017114000001', NULL);
INSERT Proxy (UUID, Proxy_Action, Proxy_Method, description, Proxy_Type, need_redirect, redirect_Proxy_Action, redirect_Proxy_Method, application_head_uuid, redirect_src) VALUES (N'15012622373700147', N'AdminCompanyAction', N'submit', N'AdminCompanyAction.submit', N'Form', N'N', NULL, NULL, N'14043017114000001', NULL);
INSERT Proxy (UUID, Proxy_Action, Proxy_Method, description, Proxy_Type, need_redirect, redirect_Proxy_Action, redirect_Proxy_Method, application_head_uuid, redirect_src) VALUES (N'15012622373700149', N'ApplicationAction', N'loadApplication', N'ApplicationAction.loadApplication', N'Store', N'N', NULL, NULL, N'14043017114000001', NULL);
INSERT Proxy (UUID, Proxy_Action, Proxy_Method, description, Proxy_Type, need_redirect, redirect_Proxy_Action, redirect_Proxy_Method, application_head_uuid, redirect_src) VALUES (N'15012622373700151', N'ApplicationAction', N'getApplication', N'ApplicationAction.getApplication', N'Store', N'N', NULL, NULL, N'14043017114000001', NULL);
INSERT Proxy (UUID, Proxy_Action, Proxy_Method, description, Proxy_Type, need_redirect, redirect_Proxy_Action, redirect_Proxy_Method, application_head_uuid, redirect_src) VALUES (N'15012622373700153', N'ApplicationAction', N'submit', N'ApplicationAction.submit', N'Form', N'N', NULL, NULL, N'14043017114000001', NULL);
INSERT Proxy (UUID, Proxy_Action, Proxy_Method, description, Proxy_Type, need_redirect, redirect_Proxy_Action, redirect_Proxy_Method, application_head_uuid, redirect_src) VALUES (N'15012622373700155', N'ApplicationAction', N'info', N'ApplicationAction.info', N'Store', N'N', NULL, NULL, N'14043017114000001', NULL);
INSERT Proxy (UUID, Proxy_Action, Proxy_Method, description, Proxy_Type, need_redirect, redirect_Proxy_Action, redirect_Proxy_Method, application_head_uuid, redirect_src) VALUES (N'15012622373700157', N'AppPageAction', N'loadAppPage', N'AppPageAction.loadAppPage', N'Store', N'N', NULL, NULL, N'14043017114000001', NULL);
INSERT Proxy (UUID, Proxy_Action, Proxy_Method, description, Proxy_Type, need_redirect, redirect_Proxy_Action, redirect_Proxy_Method, application_head_uuid, redirect_src) VALUES (N'15012622373700159', N'AppPageAction', N'submit', N'AppPageAction.submit', N'Form', N'N', NULL, NULL, N'14043017114000001', NULL);
INSERT Proxy (UUID, Proxy_Action, Proxy_Method, description, Proxy_Type, need_redirect, redirect_Proxy_Action, redirect_Proxy_Method, application_head_uuid, redirect_src) VALUES (N'15012622373700161', N'AppPageAction', N'info', N'AppPageAction.info', N'Store', N'N', NULL, NULL, N'14043017114000001', NULL);
INSERT Proxy (UUID, Proxy_Action, Proxy_Method, description, Proxy_Type, need_redirect, redirect_Proxy_Action, redirect_Proxy_Method, application_head_uuid, redirect_src) VALUES (N'15012622373700163', N'AppPageAction', N'destroyByUuid', N'AppPageAction.destroyByUuid', N'Store', N'N', NULL, NULL, N'14043017114000001', NULL);
INSERT Proxy (UUID, Proxy_Action, Proxy_Method, description, Proxy_Type, need_redirect, redirect_Proxy_Action, redirect_Proxy_Method, application_head_uuid, redirect_src) VALUES (N'15012622373700165', N'AttendantAction', N'getUserName', N'AttendantAction.getUserName', N'Load', N'N', NULL, NULL, N'14043017114000001', NULL);
INSERT Proxy (UUID, Proxy_Action, Proxy_Method, description, Proxy_Type, need_redirect, redirect_Proxy_Action, redirect_Proxy_Method, application_head_uuid, redirect_src) VALUES (N'15012622373700167', N'AttendantAction', N'load', N'AttendantAction.load', N'Load', N'N', NULL, NULL, N'14043017114000001', NULL);
INSERT Proxy (UUID, Proxy_Action, Proxy_Method, description, Proxy_Type, need_redirect, redirect_Proxy_Action, redirect_Proxy_Method, application_head_uuid, redirect_src) VALUES (N'15012622373700169', N'AttendantAction', N'info', N'AttendantAction.info', N'Load', N'N', NULL, NULL, N'14043017114000001', NULL);
INSERT Proxy (UUID, Proxy_Action, Proxy_Method, description, Proxy_Type, need_redirect, redirect_Proxy_Action, redirect_Proxy_Method, application_head_uuid, redirect_src) VALUES (N'15012622373700171', N'AttendantAction', N'submit', N'AttendantAction.submit', N'Form', N'N', NULL, NULL, N'14043017114000001', NULL);
INSERT Proxy (UUID, Proxy_Action, Proxy_Method, description, Proxy_Type, need_redirect, redirect_Proxy_Action, redirect_Proxy_Method, application_head_uuid, redirect_src) VALUES (N'15012622373700173', N'AuthorityAction', N'loadAppmenuTree', N'AuthorityAction.loadAppmenuTree', N'TreeStore', N'N', NULL, NULL, N'14043017114000001', NULL);
INSERT Proxy (UUID, Proxy_Action, Proxy_Method, description, Proxy_Type, need_redirect, redirect_Proxy_Action, redirect_Proxy_Method, application_head_uuid, redirect_src) VALUES (N'15012622373700175', N'AuthorityAction', N'loadTreeRoot', N'AuthorityAction.loadTreeRoot', N'Store', N'N', NULL, NULL, N'14043017114000001', NULL);
INSERT Proxy (UUID, Proxy_Action, Proxy_Method, description, Proxy_Type, need_redirect, redirect_Proxy_Action, redirect_Proxy_Method, application_head_uuid, redirect_src) VALUES (N'15012622373700177', N'AuthorityAction', N'setGroupAppmenuIsDefaultPage', N'AuthorityAction.setGroupAppmenuIsDefaultPage', N'Store', N'N', NULL, NULL, N'14043017114000001', NULL);
INSERT Proxy (UUID, Proxy_Action, Proxy_Method, description, Proxy_Type, need_redirect, redirect_Proxy_Action, redirect_Proxy_Method, application_head_uuid, redirect_src) VALUES (N'15012622373700179', N'AuthorityAction', N'setGroupAppmenu', N'AuthorityAction.setGroupAppmenu', N'Store', N'N', NULL, NULL, N'14043017114000001', NULL);
INSERT Proxy (UUID, Proxy_Action, Proxy_Method, description, Proxy_Type, need_redirect, redirect_Proxy_Action, redirect_Proxy_Method, application_head_uuid, redirect_src) VALUES (N'15012622373700181', N'CompanyAction', N'getCompany', N'CompanyAction.getCompany', N'Store', N'N', NULL, NULL, N'14043017114000001', NULL);
INSERT Proxy (UUID, Proxy_Action, Proxy_Method, description, Proxy_Type, need_redirect, redirect_Proxy_Action, redirect_Proxy_Method, application_head_uuid, redirect_src) VALUES (N'15012622373700183', N'DeptAction', N'loadTree', N'DeptAction.loadTree', N'TreeStore', N'N', NULL, NULL, N'14043017114000001', NULL);
INSERT Proxy (UUID, Proxy_Action, Proxy_Method, description, Proxy_Type, need_redirect, redirect_Proxy_Action, redirect_Proxy_Method, application_head_uuid, redirect_src) VALUES (N'15012622373700185', N'DeptAction', N'loadTreeRoot', N'DeptAction.loadTreeRoot', N'Store', N'N', NULL, NULL, N'14043017114000001', NULL);
INSERT Proxy (UUID, Proxy_Action, Proxy_Method, description, Proxy_Type, need_redirect, redirect_Proxy_Action, redirect_Proxy_Method, application_head_uuid, redirect_src) VALUES (N'15012622373700187', N'DeptAction', N'info', N'DeptAction.info', N'Load', N'N', NULL, NULL, N'14043017114000001', NULL);
INSERT Proxy (UUID, Proxy_Action, Proxy_Method, description, Proxy_Type, need_redirect, redirect_Proxy_Action, redirect_Proxy_Method, application_head_uuid, redirect_src) VALUES (N'15012622373700189', N'DeptAction', N'submit', N'DeptAction.submit', N'Form', N'N', NULL, NULL, N'14043017114000001', NULL);
INSERT Proxy (UUID, Proxy_Action, Proxy_Method, description, Proxy_Type, need_redirect, redirect_Proxy_Action, redirect_Proxy_Method, application_head_uuid, redirect_src) VALUES (N'15012622373700191', N'DeptAction', N'destroy', N'DeptAction.destroy', N'Form', N'N', NULL, NULL, N'14043017114000001', NULL);
INSERT Proxy (UUID, Proxy_Action, Proxy_Method, description, Proxy_Type, need_redirect, redirect_Proxy_Action, redirect_Proxy_Method, application_head_uuid, redirect_src) VALUES (N'15012622373700193', N'EncryptAction', N'Encode', N'EncryptAction.Encode', N'Load', N'N', NULL, NULL, N'14043017114000001', NULL);
INSERT Proxy (UUID, Proxy_Action, Proxy_Method, description, Proxy_Type, need_redirect, redirect_Proxy_Action, redirect_Proxy_Method, application_head_uuid, redirect_src) VALUES (N'15012622373700195', N'ErrorLogAction', N'load', N'ErrorLogAction.load', N'Load', N'N', NULL, NULL, N'14043017114000001', NULL);
INSERT Proxy (UUID, Proxy_Action, Proxy_Method, description, Proxy_Type, need_redirect, redirect_Proxy_Action, redirect_Proxy_Method, application_head_uuid, redirect_src) VALUES (N'15012622373700197', N'ErrorLogAction', N'UpdateAllRead', N'ErrorLogAction.UpdateAllRead', N'Store', N'N', NULL, NULL, N'14043017114000001', NULL);
INSERT Proxy (UUID, Proxy_Action, Proxy_Method, description, Proxy_Type, need_redirect, redirect_Proxy_Action, redirect_Proxy_Method, application_head_uuid, redirect_src) VALUES (N'15012622373700199', N'ErrorLogAction', N'UpdateRead', N'ErrorLogAction.UpdateRead', N'Load', N'N', NULL, NULL, N'14043017114000001', NULL);
INSERT Proxy (UUID, Proxy_Action, Proxy_Method, description, Proxy_Type, need_redirect, redirect_Proxy_Action, redirect_Proxy_Method, application_head_uuid, redirect_src) VALUES (N'15012622373700201', N'GroupAttendantAction', N'loadAttendantStoreInGroup', N'GroupAttendantAction.loadAttendantStoreInGroup', N'Store', N'N', NULL, NULL, N'14043017114000001', NULL);
INSERT Proxy (UUID, Proxy_Action, Proxy_Method, description, Proxy_Type, need_redirect, redirect_Proxy_Action, redirect_Proxy_Method, application_head_uuid, redirect_src) VALUES (N'15012622373700203', N'GroupAttendantAction', N'loadAttendantStoreNotInGroup', N'GroupAttendantAction.loadAttendantStoreNotInGroup', N'Store', N'N', NULL, NULL, N'14043017114000001', NULL);
INSERT Proxy (UUID, Proxy_Action, Proxy_Method, description, Proxy_Type, need_redirect, redirect_Proxy_Action, redirect_Proxy_Method, application_head_uuid, redirect_src) VALUES (N'15012622373700205', N'GroupAttendantAction', N'addAttendnatGroupHead', N'GroupAttendantAction.addAttendnatGroupHead', N'Store', N'N', NULL, NULL, N'14043017114000001', NULL);
INSERT Proxy (UUID, Proxy_Action, Proxy_Method, description, Proxy_Type, need_redirect, redirect_Proxy_Action, redirect_Proxy_Method, application_head_uuid, redirect_src) VALUES (N'15012622373700207', N'GroupAttendantAction', N'destroyBy', N'GroupAttendantAction.destroyBy', N'Store', N'N', NULL, NULL, N'14043017114000001', NULL);
INSERT Proxy (UUID, Proxy_Action, Proxy_Method, description, Proxy_Type, need_redirect, redirect_Proxy_Action, redirect_Proxy_Method, application_head_uuid, redirect_src) VALUES (N'15012622373700209', N'GroupHeadAction', N'load', N'GroupHeadAction.load', N'Store', N'N', NULL, NULL, N'14043017114000001', NULL);
INSERT Proxy (UUID, Proxy_Action, Proxy_Method, description, Proxy_Type, need_redirect, redirect_Proxy_Action, redirect_Proxy_Method, application_head_uuid, redirect_src) VALUES (N'15012622373700211', N'GroupHeadAction', N'info', N'GroupHeadAction.info', N'Load', N'N', NULL, NULL, N'14043017114000001', NULL);
INSERT Proxy (UUID, Proxy_Action, Proxy_Method, description, Proxy_Type, need_redirect, redirect_Proxy_Action, redirect_Proxy_Method, application_head_uuid, redirect_src) VALUES (N'15012622373700213', N'GroupHeadAction', N'submit', N'GroupHeadAction.submit', N'Form', N'N', NULL, NULL, N'14043017114000001', NULL);
INSERT Proxy (UUID, Proxy_Action, Proxy_Method, description, Proxy_Type, need_redirect, redirect_Proxy_Action, redirect_Proxy_Method, application_head_uuid, redirect_src) VALUES (N'15012622373700215', N'GroupHeadAction', N'deleteGroupHead', N'GroupHeadAction.deleteGroupHead', N'Store', N'N', NULL, NULL, N'14043017114000001', NULL);
INSERT Proxy (UUID, Proxy_Action, Proxy_Method, description, Proxy_Type, need_redirect, redirect_Proxy_Action, redirect_Proxy_Method, application_head_uuid, redirect_src) VALUES (N'15012622373700217', N'InitAction', N'loadBasic', N'InitAction.loadBasic', N'Load', N'N', NULL, NULL, N'14043017114000001', NULL);
INSERT Proxy (UUID, Proxy_Action, Proxy_Method, description, Proxy_Type, need_redirect, redirect_Proxy_Action, redirect_Proxy_Method, application_head_uuid, redirect_src) VALUES (N'15012622373700219', N'InitAction', N'loadException', N'InitAction.loadException', N'Load', N'N', NULL, NULL, N'14043017114000001', NULL);
INSERT Proxy (UUID, Proxy_Action, Proxy_Method, description, Proxy_Type, need_redirect, redirect_Proxy_Action, redirect_Proxy_Method, application_head_uuid, redirect_src) VALUES (N'15012622373700221', N'InitAction', N'loadAction', N'InitAction.loadAction', N'Load', N'N', NULL, NULL, N'14043017114000001', NULL);
INSERT Proxy (UUID, Proxy_Action, Proxy_Method, description, Proxy_Type, need_redirect, redirect_Proxy_Action, redirect_Proxy_Method, application_head_uuid, redirect_src) VALUES (N'15012622373700223', N'InitAction', N'loadParameter', N'InitAction.loadParameter', N'Load', N'N', NULL, NULL, N'14043017114000001', NULL);
INSERT Proxy (UUID, Proxy_Action, Proxy_Method, description, Proxy_Type, need_redirect, redirect_Proxy_Action, redirect_Proxy_Method, application_head_uuid, redirect_src) VALUES (N'15012622373700225', N'InitAction', N'submitParameter', N'InitAction.submitParameter', N'Load', N'N', NULL, NULL, N'14043017114000001', NULL);
INSERT Proxy (UUID, Proxy_Action, Proxy_Method, description, Proxy_Type, need_redirect, redirect_Proxy_Action, redirect_Proxy_Method, application_head_uuid, redirect_src) VALUES (N'15012622373700227', N'InitAction', N'testConnection', N'InitAction.testConnection', N'Load', N'N', NULL, NULL, N'14043017114000001', NULL);
INSERT Proxy (UUID, Proxy_Action, Proxy_Method, description, Proxy_Type, need_redirect, redirect_Proxy_Action, redirect_Proxy_Method, application_head_uuid, redirect_src) VALUES (N'15012622373700229', N'InitAction', N'submitBasic', N'InitAction.submitBasic', N'Store', N'N', NULL, NULL, N'14043017114000001', NULL);
INSERT Proxy (UUID, Proxy_Action, Proxy_Method, description, Proxy_Type, need_redirect, redirect_Proxy_Action, redirect_Proxy_Method, application_head_uuid, redirect_src) VALUES (N'15012622373700231', N'InitAction', N'submitException', N'InitAction.submitException', N'Store', N'N', NULL, NULL, N'14043017114000001', NULL);
INSERT Proxy (UUID, Proxy_Action, Proxy_Method, description, Proxy_Type, need_redirect, redirect_Proxy_Action, redirect_Proxy_Method, application_head_uuid, redirect_src) VALUES (N'15012622373700233', N'InitAction', N'submitActionLog', N'InitAction.submitActionLog', N'Store', N'N', NULL, NULL, N'14043017114000001', NULL);
INSERT Proxy (UUID, Proxy_Action, Proxy_Method, description, Proxy_Type, need_redirect, redirect_Proxy_Action, redirect_Proxy_Method, application_head_uuid, redirect_src) VALUES (N'15012622373700235', N'InitAction', N'initBasic', N'InitAction.initBasic', N'Store', N'N', NULL, NULL, N'14043017114000001', NULL);
INSERT Proxy (UUID, Proxy_Action, Proxy_Method, description, Proxy_Type, need_redirect, redirect_Proxy_Action, redirect_Proxy_Method, application_head_uuid, redirect_src) VALUES (N'15012622373700237', N'InitAction', N'initException', N'InitAction.initException', N'Store', N'N', NULL, NULL, N'14043017114000001', NULL);
INSERT Proxy (UUID, Proxy_Action, Proxy_Method, description, Proxy_Type, need_redirect, redirect_Proxy_Action, redirect_Proxy_Method, application_head_uuid, redirect_src) VALUES (N'15012622373700239', N'InitAction', N'initAction', N'InitAction.initAction', N'Store', N'N', NULL, NULL, N'14043017114000001', NULL);
INSERT Proxy (UUID, Proxy_Action, Proxy_Method, description, Proxy_Type, need_redirect, redirect_Proxy_Action, redirect_Proxy_Method, application_head_uuid, redirect_src) VALUES (N'15012622373700241', N'InitAction', N'importData', N'InitAction.importData', N'Store', N'N', NULL, NULL, N'14043017114000001', NULL);
INSERT Proxy (UUID, Proxy_Action, Proxy_Method, description, Proxy_Type, need_redirect, redirect_Proxy_Action, redirect_Proxy_Method, application_head_uuid, redirect_src) VALUES (N'15012622373700243', N'MenuAction', N'loadMenuTree', N'MenuAction.loadMenuTree', N'TreeStore', N'N', NULL, NULL, N'14043017114000001', NULL);
INSERT Proxy (UUID, Proxy_Action, Proxy_Method, description, Proxy_Type, need_redirect, redirect_Proxy_Action, redirect_Proxy_Method, application_head_uuid, redirect_src) VALUES (N'15012622373700245', N'MenuAction', N'loadTreeRoot', N'MenuAction.loadTreeRoot', N'Store', N'N', NULL, NULL, N'14043017114000001', NULL);
INSERT Proxy (UUID, Proxy_Action, Proxy_Method, description, Proxy_Type, need_redirect, redirect_Proxy_Action, redirect_Proxy_Method, application_head_uuid, redirect_src) VALUES (N'15012622373700247', N'MenuAction', N'submit', N'MenuAction.submit', N'Form', N'N', NULL, NULL, N'14043017114000001', NULL);
INSERT Proxy (UUID, Proxy_Action, Proxy_Method, description, Proxy_Type, need_redirect, redirect_Proxy_Action, redirect_Proxy_Method, application_head_uuid, redirect_src) VALUES (N'15012622373700249', N'MenuAction', N'info', N'MenuAction.info', N'Store', N'N', NULL, NULL, N'14043017114000001', NULL);
INSERT Proxy (UUID, Proxy_Action, Proxy_Method, description, Proxy_Type, need_redirect, redirect_Proxy_Action, redirect_Proxy_Method, application_head_uuid, redirect_src) VALUES (N'15012622373700251', N'MenuAction', N'destroyByUuid', N'MenuAction.destroyByUuid', N'Store', N'N', NULL, NULL, N'14043017114000001', NULL);
INSERT Proxy (UUID, Proxy_Action, Proxy_Method, description, Proxy_Type, need_redirect, redirect_Proxy_Action, redirect_Proxy_Method, application_head_uuid, redirect_src) VALUES (N'15012622373700253', N'MenuAction', N'setAppMenuIsActive', N'MenuAction.setAppMenuIsActive', N'Store', N'N', NULL, NULL, N'14043017114000001', NULL);
INSERT Proxy (UUID, Proxy_Action, Proxy_Method, description, Proxy_Type, need_redirect, redirect_Proxy_Action, redirect_Proxy_Method, application_head_uuid, redirect_src) VALUES (N'15012622373700255', N'MenuAction', N'deleteAppMenu', N'MenuAction.deleteAppMenu', N'Store', N'N', NULL, NULL, N'14043017114000001', NULL);
INSERT Proxy (UUID, Proxy_Action, Proxy_Method, description, Proxy_Type, need_redirect, redirect_Proxy_Action, redirect_Proxy_Method, application_head_uuid, redirect_src) VALUES (N'15012622373700257', N'MenuAction', N'load', N'MenuAction.load', N'Store', N'N', NULL, NULL, N'14043017114000001', NULL);
INSERT Proxy (UUID, Proxy_Action, Proxy_Method, description, Proxy_Type, need_redirect, redirect_Proxy_Action, redirect_Proxy_Method, application_head_uuid, redirect_src) VALUES (N'15012622373700259', N'MenuAction', N'loadThisApplicationMenu', N'MenuAction.loadThisApplicationMenu', N'Store', N'N', NULL, NULL, N'14043017114000001', NULL);
INSERT Proxy (UUID, Proxy_Action, Proxy_Method, description, Proxy_Type, need_redirect, redirect_Proxy_Action, redirect_Proxy_Method, application_head_uuid, redirect_src) VALUES (N'15012622373700261', N'ProxyAction', N'loadProxy', N'ProxyAction.loadProxy', N'Store', N'N', NULL, NULL, N'14043017114000001', NULL);
INSERT Proxy (UUID, Proxy_Action, Proxy_Method, description, Proxy_Type, need_redirect, redirect_Proxy_Action, redirect_Proxy_Method, application_head_uuid, redirect_src) VALUES (N'15012622373700263', N'ProxyAction', N'submitProxy', N'ProxyAction.submitProxy', N'Form', N'N', NULL, NULL, N'14043017114000001', NULL);
INSERT Proxy (UUID, Proxy_Action, Proxy_Method, description, Proxy_Type, need_redirect, redirect_Proxy_Action, redirect_Proxy_Method, application_head_uuid, redirect_src) VALUES (N'15012622373700265', N'ProxyAction', N'infoProxy', N'ProxyAction.infoProxy', N'Store', N'N', NULL, NULL, N'14043017114000001', NULL);
INSERT Proxy (UUID, Proxy_Action, Proxy_Method, description, Proxy_Type, need_redirect, redirect_Proxy_Action, redirect_Proxy_Method, application_head_uuid, redirect_src) VALUES (N'15012622373700267', N'ProxyAction', N'destroyProxyByUuid', N'ProxyAction.destroyProxyByUuid', N'Store', N'N', NULL, NULL, N'14043017114000001', NULL);
INSERT Proxy (UUID, Proxy_Action, Proxy_Method, description, Proxy_Type, need_redirect, redirect_Proxy_Action, redirect_Proxy_Method, application_head_uuid, redirect_src) VALUES (N'15012622373700269', N'SiteMapAction', N'loadSiteMapTree', N'SiteMapAction.loadSiteMapTree', N'TreeStore', N'N', NULL, NULL, N'14043017114000001', NULL);
INSERT Proxy (UUID, Proxy_Action, Proxy_Method, description, Proxy_Type, need_redirect, redirect_Proxy_Action, redirect_Proxy_Method, application_head_uuid, redirect_src) VALUES (N'15012622373700271', N'SiteMapAction', N'loadTreeRoot', N'SiteMapAction.loadTreeRoot', N'Store', N'N', NULL, NULL, N'14043017114000001', NULL);
INSERT Proxy (UUID, Proxy_Action, Proxy_Method, description, Proxy_Type, need_redirect, redirect_Proxy_Action, redirect_Proxy_Method, application_head_uuid, redirect_src) VALUES (N'15012622373700273', N'SiteMapAction', N'load', N'SiteMapAction.load', N'Store', N'N', NULL, NULL, N'14043017114000001', NULL);
INSERT Proxy (UUID, Proxy_Action, Proxy_Method, description, Proxy_Type, need_redirect, redirect_Proxy_Action, redirect_Proxy_Method, application_head_uuid, redirect_src) VALUES (N'15012622373700275', N'SiteMapAction', N'loadThisApplication', N'SiteMapAction.loadThisApplication', N'Store', N'N', NULL, NULL, N'14043017114000001', NULL);
INSERT Proxy (UUID, Proxy_Action, Proxy_Method, description, Proxy_Type, need_redirect, redirect_Proxy_Action, redirect_Proxy_Method, application_head_uuid, redirect_src) VALUES (N'15012622373700277', N'SiteMapAction', N'submit', N'SiteMapAction.submit', N'Form', N'N', NULL, NULL, N'14043017114000001', NULL);
INSERT Proxy (UUID, Proxy_Action, Proxy_Method, description, Proxy_Type, need_redirect, redirect_Proxy_Action, redirect_Proxy_Method, application_head_uuid, redirect_src) VALUES (N'15012622373700279', N'SiteMapAction', N'info', N'SiteMapAction.info', N'Store', N'N', NULL, NULL, N'14043017114000001', NULL);
INSERT Proxy (UUID, Proxy_Action, Proxy_Method, description, Proxy_Type, need_redirect, redirect_Proxy_Action, redirect_Proxy_Method, application_head_uuid, redirect_src) VALUES (N'15012622373700281', N'SiteMapAction', N'destroyByUuid', N'SiteMapAction.destroyByUuid', N'Store', N'N', NULL, NULL, N'14043017114000001', NULL);
INSERT Proxy (UUID, Proxy_Action, Proxy_Method, description, Proxy_Type, need_redirect, redirect_Proxy_Action, redirect_Proxy_Method, application_head_uuid, redirect_src) VALUES (N'15012622373700283', N'SiteMapAction', N'setSiteMapIsActive', N'SiteMapAction.setSiteMapIsActive', N'Store', N'N', NULL, NULL, N'14043017114000001', NULL);
INSERT Proxy (UUID, Proxy_Action, Proxy_Method, description, Proxy_Type, need_redirect, redirect_Proxy_Action, redirect_Proxy_Method, application_head_uuid, redirect_src) VALUES (N'15012622373700285', N'SiteMapAction', N'deleteSiteMap', N'SiteMapAction.deleteSiteMap', N'Store', N'N', NULL, NULL, N'14043017114000001', NULL);
INSERT Proxy (UUID, Proxy_Action, Proxy_Method, description, Proxy_Type, need_redirect, redirect_Proxy_Action, redirect_Proxy_Method, application_head_uuid, redirect_src) VALUES (N'15012622373700287', N'SiteMapAction', N'addSiteMap', N'SiteMapAction.addSiteMap', N'Store', N'N', NULL, NULL, N'14043017114000001', NULL);
INSERT Proxy (UUID, Proxy_Action, Proxy_Method, description, Proxy_Type, need_redirect, redirect_Proxy_Action, redirect_Proxy_Method, application_head_uuid, redirect_src) VALUES (N'15012622373700289', N'UserAction', N'logon', N'UserAction.logon', N'Form', N'N', NULL, NULL, N'14043017114000001', NULL);
INSERT Proxy (UUID, Proxy_Action, Proxy_Method, description, Proxy_Type, need_redirect, redirect_Proxy_Action, redirect_Proxy_Method, application_head_uuid, redirect_src) VALUES (N'15012622373700291', N'UserAction', N'forgetPassword', N'UserAction.forgetPassword', N'Form', N'N', NULL, NULL, N'14043017114000001', NULL);
INSERT Proxy (UUID, Proxy_Action, Proxy_Method, description, Proxy_Type, need_redirect, redirect_Proxy_Action, redirect_Proxy_Method, application_head_uuid, redirect_src) VALUES (N'15012622373700293', N'UserAction', N'keepSession', N'UserAction.keepSession', N'Load', N'N', NULL, NULL, N'14043017114000001', NULL);
INSERT Proxy (UUID, Proxy_Action, Proxy_Method, description, Proxy_Type, need_redirect, redirect_Proxy_Action, redirect_Proxy_Method, application_head_uuid, redirect_src) VALUES (N'15012622373700295', N'UserAction', N'getUserInfo', N'UserAction.getUserInfo', N'Load', N'N', NULL, NULL, N'14043017114000001', NULL);
INSERT Proxy (UUID, Proxy_Action, Proxy_Method, description, Proxy_Type, need_redirect, redirect_Proxy_Action, redirect_Proxy_Method, application_head_uuid, redirect_src) VALUES (N'15012622373700297', N'UtilAction', N'getUid', N'UtilAction.getUid', N'Load', N'N', NULL, NULL, N'14043017114000001', NULL);
INSERT Proxy (UUID, Proxy_Action, Proxy_Method, description, Proxy_Type, need_redirect, redirect_Proxy_Action, redirect_Proxy_Method, application_head_uuid, redirect_src) VALUES (N'15012622373700299', N'ProxyAction', N'loadVAppmenuProxyMap', N'ProxyAction.loadVAppmenuProxyMap', N'Store', N'N', NULL, NULL, N'14043017114000001', NULL);
INSERT Proxy (UUID, Proxy_Action, Proxy_Method, description, Proxy_Type, need_redirect, redirect_Proxy_Action, redirect_Proxy_Method, application_head_uuid, redirect_src) VALUES (N'15012622373700301', N'ProxyAction', N'loadAppmenuProxyMapUnSelected', N'ProxyAction.loadAppmenuProxyMapUnSelected', N'Store', N'N', NULL, NULL, N'14043017114000001', NULL);
INSERT Proxy (UUID, Proxy_Action, Proxy_Method, description, Proxy_Type, need_redirect, redirect_Proxy_Action, redirect_Proxy_Method, application_head_uuid, redirect_src) VALUES (N'15012622373700303', N'ProxyAction', N'addAppmenuProxyMap', N'ProxyAction.addAppmenuProxyMap', N'Store', N'N', NULL, NULL, N'14043017114000001', NULL);
INSERT Proxy (UUID, Proxy_Action, Proxy_Method, description, Proxy_Type, need_redirect, redirect_Proxy_Action, redirect_Proxy_Method, application_head_uuid, redirect_src) VALUES (N'15012622373700305', N'ProxyAction', N'removeAppmenuProxyMap', N'ProxyAction.removeAppmenuProxyMap', N'Store', N'N', NULL, NULL, N'14043017114000001', NULL);
INSERT Proxy (UUID, Proxy_Action, Proxy_Method, description, Proxy_Type, need_redirect, redirect_Proxy_Action, redirect_Proxy_Method, application_head_uuid, redirect_src) VALUES (N'15012622373700307', N'AuthorityAction', N'loadAppmenuTree', N'AuthorityAction.loadAppmenuTree', N'TreeStore', N'N', NULL, NULL, N'14043017114000001', NULL);

INSERT Proxy (UUID, Proxy_Action, Proxy_Method, description, Proxy_Type, need_redirect, redirect_Proxy_Action, redirect_Proxy_Method, application_head_uuid, redirect_src) VALUES (N'15012622373700417', N'ServerAction', N'loadCpuInfo', N'ServerAction.loadCpuInfo', N'Load', N'N', NULL, NULL, N'14043017114000001', NULL);

INSERT Proxy (UUID, Proxy_Action, Proxy_Method, description, Proxy_Type, need_redirect, redirect_Proxy_Action, redirect_Proxy_Method, application_head_uuid, redirect_src) VALUES (N'15012622373700421', N'ServerAction', N'loadDisk', N'ServerAction.loadDisk', N'Load', N'N', NULL, NULL, N'14043017114000001', NULL);

INSERT Proxy (UUID, Proxy_Action, Proxy_Method, description, Proxy_Type, need_redirect, redirect_Proxy_Action, redirect_Proxy_Method, application_head_uuid, redirect_src) VALUES (N'15012622373700425', N'ServerAction', N'loadMemoryInfo', N'ServerAction.loadMemoryInfo', N'Load', N'N', NULL, NULL, N'14043017114000001', NULL);

INSERT Proxy (UUID, Proxy_Action, Proxy_Method, description, Proxy_Type, need_redirect, redirect_Proxy_Action, redirect_Proxy_Method, application_head_uuid, redirect_src) VALUES (N'15012622373700429', N'ServerAction', N'loadOSInfo', N'ServerAction.loadOSInfo', N'Load', N'N', NULL, NULL, N'14043017114000001', NULL);

INSERT Proxy (UUID, Proxy_Action, Proxy_Method, description, Proxy_Type, need_redirect, redirect_Proxy_Action, redirect_Proxy_Method, application_head_uuid, redirect_src) VALUES (N'15012622373700433', N'ServerAction', N'loadRuntimeCpuMem', N'ServerAction.loadRuntimeCpuMem', N'Load', N'N', NULL, NULL, N'14043017114000001', NULL);




INSERT APPMENU_PROXY_MAP (uuid, proxy_uuid, appMenu_uuid) VALUES (N'15012622373700309', N'15012622373700145', N'15012622373700097');
INSERT APPMENU_PROXY_MAP (uuid, proxy_uuid, appMenu_uuid) VALUES (N'15012622373700311', N'15012622373700167', N'15012622373700101');
INSERT APPMENU_PROXY_MAP (uuid, proxy_uuid, appMenu_uuid) VALUES (N'15012622373700313', N'15012622373700169', N'15012622373700101');
INSERT APPMENU_PROXY_MAP (uuid, proxy_uuid, appMenu_uuid) VALUES (N'15012622373700315', N'15012622373700171', N'15012622373700101');
INSERT APPMENU_PROXY_MAP (uuid, proxy_uuid, appMenu_uuid) VALUES (N'15012622373700317', N'15012622373700149', N'15012622373700063');
INSERT APPMENU_PROXY_MAP (uuid, proxy_uuid, appMenu_uuid) VALUES (N'15012622373700319', N'15012622373700155', N'15012622373700063');
INSERT APPMENU_PROXY_MAP (uuid, proxy_uuid, appMenu_uuid) VALUES (N'15012622373700321', N'15012622373700153', N'15012622373700063');
INSERT APPMENU_PROXY_MAP (uuid, proxy_uuid, appMenu_uuid) VALUES (N'15012622373700323', N'15012622373700157', N'15012622373700103');
INSERT APPMENU_PROXY_MAP (uuid, proxy_uuid, appMenu_uuid) VALUES (N'15012622373700325', N'15012622373700161', N'15012622373700103');
INSERT APPMENU_PROXY_MAP (uuid, proxy_uuid, appMenu_uuid) VALUES (N'15012622373700327', N'15012622373700159', N'15012622373700103');
INSERT APPMENU_PROXY_MAP (uuid, proxy_uuid, appMenu_uuid) VALUES (N'15012622373700329', N'15012622373700163', N'15012622373700103');
INSERT APPMENU_PROXY_MAP (uuid, proxy_uuid, appMenu_uuid) VALUES (N'15012622373700331', N'15012622373700243', N'15012622373700107');
INSERT APPMENU_PROXY_MAP (uuid, proxy_uuid, appMenu_uuid) VALUES (N'15012622373700333', N'15012622373700245', N'15012622373700107');
INSERT APPMENU_PROXY_MAP (uuid, proxy_uuid, appMenu_uuid) VALUES (N'15012622373700335', N'15012622373700247', N'15012622373700107');
INSERT APPMENU_PROXY_MAP (uuid, proxy_uuid, appMenu_uuid) VALUES (N'15012622373700337', N'15012622373700249', N'15012622373700107');
INSERT APPMENU_PROXY_MAP (uuid, proxy_uuid, appMenu_uuid) VALUES (N'15012622373700339', N'15012622373700251', N'15012622373700107');
INSERT APPMENU_PROXY_MAP (uuid, proxy_uuid, appMenu_uuid) VALUES (N'15012622373700341', N'15012622373700253', N'15012622373700107');
INSERT APPMENU_PROXY_MAP (uuid, proxy_uuid, appMenu_uuid) VALUES (N'15012622373700343', N'15012622373700255', N'15012622373700107');
INSERT APPMENU_PROXY_MAP (uuid, proxy_uuid, appMenu_uuid) VALUES (N'15012622373700345', N'15012622373700257', N'15012622373700107');
INSERT APPMENU_PROXY_MAP (uuid, proxy_uuid, appMenu_uuid) VALUES (N'15012622373700347', N'15012622373700259', N'15012622373700107');
INSERT APPMENU_PROXY_MAP (uuid, proxy_uuid, appMenu_uuid) VALUES (N'15012622373700349', N'15012622373700261', N'15012622373700107');
INSERT APPMENU_PROXY_MAP (uuid, proxy_uuid, appMenu_uuid) VALUES (N'15012622373700351', N'15012622373700263', N'15012622373700107');
INSERT APPMENU_PROXY_MAP (uuid, proxy_uuid, appMenu_uuid) VALUES (N'15012622373700353', N'15012622373700265', N'15012622373700107');
INSERT APPMENU_PROXY_MAP (uuid, proxy_uuid, appMenu_uuid) VALUES (N'15012622373700355', N'15012622373700267', N'15012622373700107');
INSERT APPMENU_PROXY_MAP (uuid, proxy_uuid, appMenu_uuid) VALUES (N'15012622373700357', N'15012622373700275', N'15012622373700107');
INSERT APPMENU_PROXY_MAP (uuid, proxy_uuid, appMenu_uuid) VALUES (N'15012622373700359', N'15012622373700299', N'15012622373700107');
INSERT APPMENU_PROXY_MAP (uuid, proxy_uuid, appMenu_uuid) VALUES (N'15012622373700361', N'15012622373700195', N'15012622373700089');
INSERT APPMENU_PROXY_MAP (uuid, proxy_uuid, appMenu_uuid) VALUES (N'15012622373700363', N'15012622373700197', N'15012622373700089');
INSERT APPMENU_PROXY_MAP (uuid, proxy_uuid, appMenu_uuid) VALUES (N'15012622373700365', N'15012622373700199', N'15012622373700089');
INSERT APPMENU_PROXY_MAP (uuid, proxy_uuid, appMenu_uuid) VALUES (N'15012622373700367', N'15012622373700301', N'15012622373700107');
INSERT APPMENU_PROXY_MAP (uuid, proxy_uuid, appMenu_uuid) VALUES (N'15012622373700369', N'15012622373700303', N'15012622373700107');
INSERT APPMENU_PROXY_MAP (uuid, proxy_uuid, appMenu_uuid) VALUES (N'15012622373700371', N'15012622373700305', N'15012622373700107');
INSERT APPMENU_PROXY_MAP (uuid, proxy_uuid, appMenu_uuid) VALUES (N'15012622373700373', N'15012622373700271', N'15012622373700105');
INSERT APPMENU_PROXY_MAP (uuid, proxy_uuid, appMenu_uuid) VALUES (N'15012622373700375', N'15012622373700269', N'15012622373700105');
INSERT APPMENU_PROXY_MAP (uuid, proxy_uuid, appMenu_uuid) VALUES (N'15012622373700377', N'15012622373700287', N'15012622373700105');
INSERT APPMENU_PROXY_MAP (uuid, proxy_uuid, appMenu_uuid) VALUES (N'15012622373700379', N'15012622373700285', N'15012622373700105');
INSERT APPMENU_PROXY_MAP (uuid, proxy_uuid, appMenu_uuid) VALUES (N'15012622373700381', N'15012622373700173', N'15012622373700095');
INSERT APPMENU_PROXY_MAP (uuid, proxy_uuid, appMenu_uuid) VALUES (N'15012622373700383', N'15012622373700209', N'15012622373700095');
INSERT APPMENU_PROXY_MAP (uuid, proxy_uuid, appMenu_uuid) VALUES (N'15012622373700385', N'15012622373700211', N'15012622373700095');
INSERT APPMENU_PROXY_MAP (uuid, proxy_uuid, appMenu_uuid) VALUES (N'15012622373700387', N'15012622373700213', N'15012622373700095');
INSERT APPMENU_PROXY_MAP (uuid, proxy_uuid, appMenu_uuid) VALUES (N'15012622373700389', N'15012622373700201', N'15012622373700095');
INSERT APPMENU_PROXY_MAP (uuid, proxy_uuid, appMenu_uuid) VALUES (N'15012622373700391', N'15012622373700175', N'15012622373700095');
INSERT APPMENU_PROXY_MAP (uuid, proxy_uuid, appMenu_uuid) VALUES (N'15012622373700393', N'15012622373700179', N'15012622373700095');
INSERT APPMENU_PROXY_MAP (uuid, proxy_uuid, appMenu_uuid) VALUES (N'15012622373700395', N'15012622373700177', N'15012622373700095');
INSERT APPMENU_PROXY_MAP (uuid, proxy_uuid, appMenu_uuid) VALUES (N'15012622373700397', N'15012622373700203', N'15012622373700095');
INSERT APPMENU_PROXY_MAP (uuid, proxy_uuid, appMenu_uuid) VALUES (N'15012622373700399', N'15012622373700205', N'15012622373700095');
INSERT APPMENU_PROXY_MAP (uuid, proxy_uuid, appMenu_uuid) VALUES (N'15012622373700401', N'15012622373700207', N'15012622373700095');
INSERT APPMENU_PROXY_MAP (uuid, proxy_uuid, appMenu_uuid) VALUES (N'15012622373700403', N'15012622373700215', N'15012622373700095');
INSERT APPMENU_PROXY_MAP (uuid, proxy_uuid, appMenu_uuid) VALUES (N'15012622373700405', N'15012622373700143', N'15012622373700097');
INSERT APPMENU_PROXY_MAP (uuid, proxy_uuid, appMenu_uuid) VALUES (N'15012622373700407', N'15012622373700147', N'15012622373700097');

INSERT APPMENU_PROXY_MAP (uuid, proxy_uuid, appMenu_uuid) VALUES (N'15012622373700415', N'15012622373700417', N'15012622373700089');
INSERT APPMENU_PROXY_MAP (uuid, proxy_uuid, appMenu_uuid) VALUES (N'15012622373700419', N'15012622373700421', N'15012622373700089');
INSERT APPMENU_PROXY_MAP (uuid, proxy_uuid, appMenu_uuid) VALUES (N'15012622373700423', N'15012622373700425', N'15012622373700089');
INSERT APPMENU_PROXY_MAP (uuid, proxy_uuid, appMenu_uuid) VALUES (N'15012622373700427', N'15012622373700429', N'15012622373700089');
INSERT APPMENU_PROXY_MAP (uuid, proxy_uuid, appMenu_uuid) VALUES (N'15012622373700431', N'15012622373700433', N'15012622373700089');

INSERT APPPAGE (uuid, is_active, create_date, create_user, update_date, update_user, id, name, description, url, parameter_class, application_head_uuid, p_mode) VALUES (N'15012622373700139', N'Y', NOW(), N'14043017113900001', NOW(), N'14043017113900001', N'資源維護', N'資源維護', N'資源維護', N'~/admin/system/proxy.aspx', N'', N'14043017114000001', N'');

INSERT SITEMAP (uuid, is_active, create_date, create_user, update_date, update_user, sitemap_uuid, apppage_uuid, root_uuid, haschild, application_head_uuid) VALUES (N'15012622373700413', N'Y', NOW(), N'14043017113900001', NULL, N'14043017113900001', NULL, N'15012622373700139', N'15012622373700067', N'Y', N'14043017114000001');

INSERT APPMENU (uuid, is_active, create_date, create_user, update_date, update_user, name_zh_tw, name_zh_cn, name_en_us, id, appmenu_uuid, haschild, application_head_uuid, ord, parameter_class, image, sitemap_uuid, action_mode, is_default_page, is_admin) VALUES (N'15012622373700141', N'Y', NOW(), N'14043017113900001', NOW(), N'14043017113900001', N'資源', N'資源', N'資源', N'PROXY', N'15012622373700093', N'N', N'14043017114000001', 5, NULL, N'~/css/images/source.png', N'15012622373700413', NULL, N'N', N'Y');

INSERT GROUP_APPMENU (uuid, is_active, create_date, create_user, update_date, update_user, appmenu_uuid, group_head_uuid, is_default_page) VALUES (N'15012622373700411', N'Y', NOW(), N'14043017113900001',NOW(), NULL, N'15012622373700141', N'15012622373700059', N'N');




INSERT APPPAGE (uuid, is_active, create_date, create_user, update_date, update_user, id, name, description, url, parameter_class, application_head_uuid, p_mode) VALUES (N'15012622373700435', N'Y',NOW(), N'14043017113900001', NOW(), N'14043017113900001', N'SCHEDULE', N'排程工作', N'排程工作', N'~/admin/jobs/schedule.aspx', N'', N'14043017114000001', N'');

INSERT SITEMAP (uuid, is_active, create_date, create_user, update_date, update_user, sitemap_uuid, apppage_uuid, root_uuid, haschild, application_head_uuid) VALUES (N'15012622373700437', N'Y', NOW(), N'14043017113900001', NOW(), N'14043017113900001', N'15012622373700067', N'15012622373700435', N'15012622373700067', N'Y', N'14043017114000001');

INSERT APPMENU (uuid, is_active, create_date, create_user, update_date, update_user, name_zh_tw, name_zh_cn, name_en_us, id, appmenu_uuid, haschild, application_head_uuid, ord, parameter_class, image, sitemap_uuid, action_mode, is_default_page, is_admin) VALUES (N'15012622373700439', N'Y', NOW(), N'14043017113900001', NOW(), N'14043017113900001', N'排程工作', N'排程工作', N'排程工作', N'ScheduleJob',N'15012622373700089', N'N', N'14043017114000001', 3, NULL, N'~/css/images/schedule.png', N'15012622373700437', NULL, N'N', N'N');

INSERT Proxy (UUID, Proxy_Action, Proxy_Method, description, Proxy_Type, need_redirect, redirect_Proxy_Action, redirect_Proxy_Method, application_head_uuid, redirect_src) VALUES (N'15012622373700441', N'ScheduleAction', N'loadSchedule', N'ScheduleAction.loadSchedule', N'Store', N'N', NULL, NULL, N'14043017114000001', NULL);

INSERT Proxy (UUID, Proxy_Action, Proxy_Method, description, Proxy_Type, need_redirect, redirect_Proxy_Action, redirect_Proxy_Method, application_head_uuid, redirect_src) VALUES (N'15012622373700443', N'ScheduleAction', N'infoSchedule', N'ScheduleAction.infoSchedule', N'Load', N'N', NULL, NULL, N'14043017114000001', NULL);

INSERT Proxy (UUID, Proxy_Action, Proxy_Method, description, Proxy_Type, need_redirect, redirect_Proxy_Action, redirect_Proxy_Method, application_head_uuid, redirect_src) VALUES (N'15012622373700445', N'ScheduleAction', N'deleteSchedule', N'ScheduleAction.deleteSchedule', N'Load', N'N', NULL, NULL, N'14043017114000001', NULL);

INSERT Proxy (UUID, Proxy_Action, Proxy_Method, description, Proxy_Type, need_redirect, redirect_Proxy_Action, redirect_Proxy_Method, application_head_uuid, redirect_src) VALUES (N'15012622373700447', N'ScheduleAction', N'submitSchedule', N'ScheduleAction.submitSchedule', N'Form', N'N', NULL, NULL, N'14043017114000001', NULL);

INSERT APPMENU_PROXY_MAP (uuid, proxy_uuid, appMenu_uuid) VALUES (N'15012622373700449', N'15012622373700441', N'15012622373700439');

INSERT APPMENU_PROXY_MAP (uuid, proxy_uuid, appMenu_uuid) VALUES (N'15012622373700451', N'15012622373700443', N'15012622373700439');

INSERT APPMENU_PROXY_MAP (uuid, proxy_uuid, appMenu_uuid) VALUES (N'15012622373700453', N'15012622373700445', N'15012622373700439');

INSERT APPMENU_PROXY_MAP (uuid, proxy_uuid, appMenu_uuid) VALUES (N'15012622373700455', N'15012622373700447', N'15012622373700439');

INSERT GROUP_APPMENU (uuid, is_active, create_date, create_user, update_date, update_user, appmenu_uuid, group_head_uuid, is_default_page) VALUES (N'15012622373700457', N'Y', NOW(), N'14043017113900001', NOW(), NULL, N'15012622373700439', N'15012622373700059', N'N');

INSERT SCHEDULE (UUID, SCHEDULE_NAME, SCHEDULE_END_DATE, LAST_RUN_TIME, LAST_RUN_STATUS, IS_CYCLE, SINGLE_DATE, HOUR, MINUTE, CYCLE_TYPE, C_MINUTE, C_HOUR, C_DAY, C_WEEK, C_DAY_OF_WEEK, C_MONTH, C_DAY_OF_MONTH, C_WEEK_OF_MONTH, C_YEAR, C_WEEK_OF_YEAR, RUN_URL, RUN_URL_PARAMETER, RUN_ATTENDANT_UUID, IS_ACTIVE, START_DATE, RUN_SECURITY, EXPEND_ALL, contiune_dateTime) VALUES (N'15012622373700459', N'每10分執行一次', NOW(), NOW(), N'OK', N'Y', NULL, NULL, NULL, N'每分重複', 10, NULL, NULL, NULL, NULL, NULL, NULL, NULL, NULL, NULL, N'http://localhost/WebTemplate3/admin/jobs/sampleJob1.ashx', NULL, NULL, N'Y', NOW(), N'localhost', N'N', NOW());